id,firstname,lastname,email,sessionName,roomNumber,startTime
100,Tarra,Jerald,Tarra.Jerald@yopmail.com,fGMytrFlV,4,2:00 PM
101,Susan,Sprage,Susan.Sprage@yopmail.com,ZnZWl,567,2:00 PM
102,Jolyn,Secrest,Jolyn.Secrest@yopmail.com,oeoujARNE,46,2:00 PM
103,Tybie,Tippets,Tybie.Tippets@yopmail.com,dMjCQwPIZp,2,2:00 PM
104,Sharlene,Madelene,Sharlene.Madelene@yopmail.com," EAHsh",678,2:00 PM
105,Dede,Dunkin,Dede.Dunkin@yopmail.com,rWZkVLetyW,554,2:00 PM
106,Gabi,Himelman,Gabi.Himelman@yopmail.com,MklSynYf P,9,2:00 PM
107,Mahalia,Magdalen,Mahalia.Magdalen@yopmail.com,xdY A,5,2:00 PM
108,Celene,Bashemeth,Celene.Bashemeth@yopmail.com," VelnYR",4,2:00 PM
109,Lexine,Valerio,Lexine.Valerio@yopmail.com,ybhovlbjlo,1123,2:00 PM
110,Hyacinthe,Sholley,Hyacinthe.Sholley@yopmail.com,UtMURqf,9987876,2:00 PM
111,Hettie,Wesle,Hettie.Wesle@yopmail.com,YtpGgP,3343,2:00 PM
112,Kylynn,Durante,Kylynn.Durante@yopmail.com,pLXiVhtysj,89,2:00 PM
113,Madeleine,Destinee,Madeleine.Destinee@yopmail.com,qNFdJVGAnD,2,2:00 PM
114,Nollie,Richers,Nollie.Richers@yopmail.com,TnAlrwRVY,2,2:00 PM
115,Brietta,Parette,Brietta.Parette@yopmail.com,cUXEWImcV,765,2:00 PM
116,Wynne,Codding,Wynne.Codding@yopmail.com,ggfCHdM,46,2:00 PM
117,Mathilda,Lanita,Mathilda.Lanita@yopmail.com,oXoUYsKJZ,1123,2:00 PM
118,Suzette,O'Rourke,Suzette.O'Rourke@yopmail.com,RNxpG,67,2:00 PM
119,Karlee,Capello,Karlee.Capello@yopmail.com,nwQiAZ,678,2:00 PM
120,Angela,Fillbert,Angela.Fillbert@yopmail.com,CLDdYUnled,678,2:00 PM
121,Alameda,Thunell,Alameda.Thunell@yopmail.com,mkCkX,456,2:00 PM
122,Farrah,Felizio,Farrah.Felizio@yopmail.com,NsVMHjQQ,56787867867,2:00 PM
123,Latisha,Fry,Latisha.Fry@yopmail.com,znuzg,1,2:00 PM
124,Ninnetta,Edison,Ninnetta.Edison@yopmail.com,osKoMWx,54,2:00 PM
125,Maye,Angelis,Maye.Angelis@yopmail.com,TdERDntqhc,0,2:00 PM
126,Misha,Leary,Misha.Leary@yopmail.com,fFaf zGD,6578,2:00 PM
127,Chandra,Maxi,Chandra.Maxi@yopmail.com,tAduGMkjXi,765,2:00 PM
128,Catharine,Lattie,Catharine.Lattie@yopmail.com,pYtRrqPgwx,5675,2:00 PM
129,Jeanna,Rad,Jeanna.Rad@yopmail.com,iSxeFeyJGA,9,2:00 PM
130,Heida,Schonfeld,Heida.Schonfeld@yopmail.com,ADwdwXZKA,89,2:00 PM
131,Roslyn,Alexandr,Roslyn.Alexandr@yopmail.com,X ZkHV,9,2:00 PM
132,Amelia,Waldron,Amelia.Waldron@yopmail.com,UtHMa,54,2:00 PM
133,Kara-Lynn,Heisel,Kara-Lynn.Heisel@yopmail.com,"dTFs ",9,2:00 PM
134,Marcy,Saint,Marcy.Saint@yopmail.com,sbUhjk,5678,2:00 PM
135,Ketti,Simmonds,Ketti.Simmonds@yopmail.com,ckcCnu,5678768,2:00 PM
136,Trudie,Mullane,Trudie.Mullane@yopmail.com,nWfjZnTkmm,1,2:00 PM
137,Gloria,Cecile,Gloria.Cecile@yopmail.com,kXDNY,9,2:00 PM
138,Kathi,Merell,Kathi.Merell@yopmail.com,cmAupYhUAV,6578,2:00 PM
139,Selma,MacIntosh,Selma.MacIntosh@yopmail.com,rVaRXwIP,5,2:00 PM
140,Rhoda,Brotherson,Rhoda.Brotherson@yopmail.com," kvazm",5,2:00 PM
141,Delilah,Kirstin,Delilah.Kirstin@yopmail.com,lSvxbRle,56787867867,2:00 PM
142,Philis,Lytton,Philis.Lytton@yopmail.com,sHLGlel,3,2:00 PM
143,Livvyy,Pond,Livvyy.Pond@yopmail.com,BYQRH,567,2:00 PM
144,Alia,Maribeth,Alia.Maribeth@yopmail.com,djWoWlgFMR,1123,2:00 PM
145,Diena,Hylan,Diena.Hylan@yopmail.com,PGJREL,8,2:00 PM
146,Corly,Jeanne,Corly.Jeanne@yopmail.com,fvgSIDhGFO,5,2:00 PM
147,Wynne,Ranjiv,Wynne.Ranjiv@yopmail.com,WRxuPn,98769,2:00 PM
148,Christian,Elephus,Christian.Elephus@yopmail.com,mFoAKg,567,2:00 PM
149,Orsola,Decato,Orsola.Decato@yopmail.com,WeAYEBCXxi,6578,2:00 PM
150,Marnia,Wildermuth,Marnia.Wildermuth@yopmail.com,STwSZaCu,54,2:00 PM
151,Christy,Grobe,Christy.Grobe@yopmail.com,PDPJHxXFF,65768,2:00 PM
152,Celestyna,Lasley,Celestyna.Lasley@yopmail.com,UVJSywj,46,2:00 PM
153,Adriana,Genna,Adriana.Genna@yopmail.com,fTKVt,9987876,2:00 PM
154,Shandie,Khorma,Shandie.Khorma@yopmail.com,EdmqR,7,2:00 PM
155,Linet,Toor,Linet.Toor@yopmail.com,ceBXSz,5,2:00 PM
156,Althea,Zuzana,Althea.Zuzana@yopmail.com,CGxKZ,6578,2:00 PM
157,Elie,Danby,Elie.Danby@yopmail.com,dhtQEQLR,56756,2:00 PM
158,Tomasina,Peg,Tomasina.Peg@yopmail.com,pPHiq,76898978,2:00 PM
159,Andree,Scammon,Andree.Scammon@yopmail.com,WYmkSptKO,56756,2:00 PM
160,Judy,Meli,Judy.Meli@yopmail.com,DGLIL,74,2:00 PM
161,Cam,Dunkin,Cam.Dunkin@yopmail.com,yXpQUbY,4,2:00 PM
162,Inga,Turne,Inga.Turne@yopmail.com,KHMuA,67,2:00 PM
163,Doralynne,Latini,Doralynne.Latini@yopmail.com,ncfDw,5678,2:00 PM
164,Odessa,Skurnik,Odessa.Skurnik@yopmail.com,DtdRFaAdDt,5678,2:00 PM
165,Gusty,Emmaline,Gusty.Emmaline@yopmail.com," OPRa",1123,2:00 PM
166,Kirstin,Quent,Kirstin.Quent@yopmail.com,YbJkeUmc,5678,2:00 PM
167,Lila,Westphal,Lila.Westphal@yopmail.com,vfrhBaUl,67,2:00 PM
168,Rani,Erskine,Rani.Erskine@yopmail.com,fauoZ,65768,2:00 PM
169,Trudie,Robertson,Trudie.Robertson@yopmail.com,NIJfsM,8,2:00 PM
170,Damaris,Liebermann,Damaris.Liebermann@yopmail.com,bgBQJ,766558,2:00 PM
171,Linet,Brian,Linet.Brian@yopmail.com,KQTbLOnLQj,5546,2:00 PM
172,Lolita,Jobi,Lolita.Jobi@yopmail.com,JiuXNap,67,2:00 PM
173,Pollyanna,Cookie,Pollyanna.Cookie@yopmail.com,eZemeUKV,97898,2:00 PM
174,Ekaterina,Viddah,Ekaterina.Viddah@yopmail.com,ayvwdCK,5678,2:00 PM
175,Emmey,Shuler,Emmey.Shuler@yopmail.com,FbntFA,5678,2:00 PM
176,Jessamyn,Zamora,Jessamyn.Zamora@yopmail.com,xoCeSUxhE,7,2:00 PM
177,Abbie,Matthew,Abbie.Matthew@yopmail.com,jPMYhnQqV,0,2:00 PM
178,Diena,Elo,Diena.Elo@yopmail.com,lhdmQI,5,2:00 PM
179,Joane,Dimitris,Joane.Dimitris@yopmail.com,ysQVFJItg,74,2:00 PM
180,Dyann,Fiann,Dyann.Fiann@yopmail.com,OdDPMyBAYF,98769,2:00 PM
181,Edith,Weaks,Edith.Weaks@yopmail.com,GjBBx,5675,2:00 PM
182,Sara-Ann,Byrne,Sara-Ann.Byrne@yopmail.com,qiOBMNZHAX,9878,2:00 PM
183,Bettine,Taima,Bettine.Taima@yopmail.com,GMwlHBDp,87987786,2:00 PM
184,Myrtice,Pulsifer,Myrtice.Pulsifer@yopmail.com,etAhc,5,2:00 PM
185,Lynde,Tamsky,Lynde.Tamsky@yopmail.com,ekHCgpMl,456,2:00 PM
186,Viki,Daegal,Viki.Daegal@yopmail.com,mCKkrcqCA,6578,2:00 PM
187,Peri,Carey,Peri.Carey@yopmail.com,aqFFdMCT,1123,2:00 PM
188,Margarette,Margarete,Margarette.Margarete@yopmail.com,ACMWGPNB,7,2:00 PM
189,Vanessa,Marlie,Vanessa.Marlie@yopmail.com,FWLlnWw,9987876,2:00 PM
190,Hyacinthe,Lindemann,Hyacinthe.Lindemann@yopmail.com,qxpSR,1,2:00 PM
191,Mamie,Ricarda,Mamie.Ricarda@yopmail.com,njuhqKGsZT,87987786,2:00 PM
192,Felice,Marsden,Felice.Marsden@yopmail.com,RoWyWEo,6578,2:00 PM
193,Alexine,Salchunas,Alexine.Salchunas@yopmail.com,oHMDL,9878,2:00 PM
194,Quintina,Haerr,Quintina.Haerr@yopmail.com," bGwHrVejQ",567,2:00 PM
195,Cassandra,Nance,Cassandra.Nance@yopmail.com,ycxSNJFTYq,3343,2:00 PM
196,Lexine,Ogren,Lexine.Ogren@yopmail.com,yBsxBKa,67,2:00 PM
197,Sean,Gerge,Sean.Gerge@yopmail.com,gVvDSjau,765,2:00 PM
198,Celestyna,Rona,Celestyna.Rona@yopmail.com,DUwiTxo,678,2:00 PM
199,Ardeen,Kamaria,Ardeen.Kamaria@yopmail.com,vkUVX,65768,2:00 PM
200,Gwenneth,Seligman,Gwenneth.Seligman@yopmail.com,YJnkaKQdP,678,2:00 PM
201,Alameda,Doig,Alameda.Doig@yopmail.com,lCHfaWj,554,2:00 PM
202,Tiffie,Radu,Tiffie.Radu@yopmail.com,VnoNWfwIs,567,2:00 PM
203,Gisela,Thunell,Gisela.Thunell@yopmail.com,H JuK,5,2:00 PM
204,Sheree,Love,Sheree.Love@yopmail.com,NwvYazm,456,2:00 PM
205,Sabina,Othilia,Sabina.Othilia@yopmail.com,BRDJF,89,2:00 PM
206,Lesly,Zrike,Lesly.Zrike@yopmail.com,VNhONF,9,2:00 PM
207,Tori,Mayeda,Tori.Mayeda@yopmail.com,yObDwnKsS,98769,2:00 PM
208,Lanae,Lauraine,Lanae.Lauraine@yopmail.com,GUsEDUazUk,76898978,2:00 PM
209,Paulita,Ferrell,Paulita.Ferrell@yopmail.com,cUkJC,3343,2:00 PM
210,Ethel,Matthew,Ethel.Matthew@yopmail.com,aMCYFpw H,8,2:00 PM
211,Micheline,Bashemeth,Micheline.Bashemeth@yopmail.com,vSSTOnG,9,2:00 PM
212,Magdalena,Granoff,Magdalena.Granoff@yopmail.com,ZxCAnZaHKm,1123,2:00 PM
213,Halette,Kiersten,Halette.Kiersten@yopmail.com,UmXWa,9,2:00 PM
214,Dyann,Arquit,Dyann.Arquit@yopmail.com,EMWAhlJTe,6578,2:00 PM
215,Elka,Shields,Elka.Shields@yopmail.com,qjQsvQ,9,2:00 PM
216,Nickie,Stover,Nickie.Stover@yopmail.com,RlvFme,6578,2:00 PM
217,Jemie,Rubie,Jemie.Rubie@yopmail.com,HwmdI,98769,2:00 PM
218,Aimil,Slifka,Aimil.Slifka@yopmail.com,RJPNI,56787867867,2:00 PM
219,Annecorinne,Hilbert,Annecorinne.Hilbert@yopmail.com,rSEVukt,1,2:00 PM
220,Gianina,Forrer,Gianina.Forrer@yopmail.com,TAKvIfYteK,7,2:00 PM
221,Kenna,Saint,Kenna.Saint@yopmail.com,TfkpksEd,765,2:00 PM
222,Nicoli,Screens,Nicoli.Screens@yopmail.com,"JWAsD ",9,2:00 PM
223,Tina,Nickola,Tina.Nickola@yopmail.com,IJdkpD,74,2:00 PM
224,Gloria,Glenden,Gloria.Glenden@yopmail.com," kqkVKWr",5546,2:00 PM
225,Darlleen,Quinn,Darlleen.Quinn@yopmail.com,NrLcAjPIoG,0,2:00 PM
226,Jillayne,Esmaria,Jillayne.Esmaria@yopmail.com,jqAcDO,766558,2:00 PM
227,Nita,Tatianas,Nita.Tatianas@yopmail.com,JrpHOU,97898,2:00 PM
228,Augustine,Kare,Augustine.Kare@yopmail.com,CcQQiHQ,678,2:00 PM
229,Delilah,Faro,Delilah.Faro@yopmail.com,BUznm,76898978,2:00 PM
230,Roz,Cleavland,Roz.Cleavland@yopmail.com,eSORvbqW,67,2:00 PM
231,Steffane,Garrison,Steffane.Garrison@yopmail.com,bMiOB,456,2:00 PM
232,Monika,Payson,Monika.Payson@yopmail.com,MfnvbKNvK,8,2:00 PM
233,Ruthe,Tippets,Ruthe.Tippets@yopmail.com,aGnWUQ,9987876,2:00 PM
234,Henriette,Colyer,Henriette.Colyer@yopmail.com,YDcru,2,2:00 PM
235,Chere,Tiffa,Chere.Tiffa@yopmail.com,icFUm,67,2:00 PM
236,Gerianna,Lilybelle,Gerianna.Lilybelle@yopmail.com,eZYuAwCZtw,5675,2:00 PM
237,Helsa,Halla,Helsa.Halla@yopmail.com,GltMmi,89,2:00 PM
238,Hannis,Hunfredo,Hannis.Hunfredo@yopmail.com," LcrmbB",74,2:00 PM
239,Barbi,Bryna,Barbi.Bryna@yopmail.com,QPHpz,7,2:00 PM
240,Dede,Pulsifer,Dede.Pulsifer@yopmail.com,JrhnNeXnu,5,2:00 PM
241,Josephine,Prober,Josephine.Prober@yopmail.com,lUvgQ,3343,2:00 PM
242,Morganica,Gemini,Morganica.Gemini@yopmail.com,ua VThfVLn,7,2:00 PM
243,Kristan,Iiette,Kristan.Iiette@yopmail.com,ZAGlaX,5678768,2:00 PM
244,Carolina,Glovsky,Carolina.Glovsky@yopmail.com,cioSqNVHlF,5,2:00 PM
245,Kellen,Evangelia,Kellen.Evangelia@yopmail.com," mkTW",98769,2:00 PM
246,Dania,Havens,Dania.Havens@yopmail.com,CQJceaCFoU,9,2:00 PM
247,Renae,Smitt,Renae.Smitt@yopmail.com,JRmcpn,9987876,2:00 PM
248,Deloria,Read,Deloria.Read@yopmail.com,OgUePldyk,9878,2:00 PM
249,Marjie,Sasnett,Marjie.Sasnett@yopmail.com,QQKLxHIAE,98769,2:00 PM
250,Marylou,Ricki,Marylou.Ricki@yopmail.com,yBBjjAz,65768,2:00 PM
251,Mariann,Blisse,Mariann.Blisse@yopmail.com,nvscZv XPd,9987876,2:00 PM
252,Roslyn,Sundin,Roslyn.Sundin@yopmail.com,RMUdFvDqE,46,2:00 PM
253,Layla,Francene,Layla.Francene@yopmail.com,qNzPhMSn,1123,2:00 PM
254,Teddie,Evvie,Teddie.Evvie@yopmail.com,WLsIvxbs,1123,2:00 PM
255,Melodie,Kendrick,Melodie.Kendrick@yopmail.com,Lj P lKULi,9,2:00 PM
256,Siana,Carvey,Siana.Carvey@yopmail.com,VeCYM,76898978,2:00 PM
257,Giustina,Kellby,Giustina.Kellby@yopmail.com,oAY WtNsi,5,2:00 PM
258,Kaja,Jary,Kaja.Jary@yopmail.com,axuGfyVT,4,2:00 PM
259,Josephine,Carleen,Josephine.Carleen@yopmail.com,kZKnqyWa,56756,2:00 PM
260,Olivette,Nedrud,Olivette.Nedrud@yopmail.com,GILqpGi,5675,2:00 PM
261,Yetty,Adrienne,Yetty.Adrienne@yopmail.com,jwUVkIYFqC,74,2:00 PM
262,Morganica,Ehrman,Morganica.Ehrman@yopmail.com,KhicHC,7,2:00 PM
263,Lily,Rogerio,Lily.Rogerio@yopmail.com,gestBPW,456,2:00 PM
264,Lauryn,Sinegold,Lauryn.Sinegold@yopmail.com,Mzvemzhe,5678,2:00 PM
265,Priscilla,Geffner,Priscilla.Geffner@yopmail.com,zpSyvEQn,74,2:00 PM
266,Amii,Raseda,Amii.Raseda@yopmail.com,LHHGBTL,766558,2:00 PM
267,Cristabel,Ophelia,Cristabel.Ophelia@yopmail.com,CiLoCXmQQC,56787867867,2:00 PM
268,Verla,Stephie,Verla.Stephie@yopmail.com,sKnVus,5675,2:00 PM
269,Beverley,Raseda,Beverley.Raseda@yopmail.com,ytPeEI,5678,2:00 PM
270,Grier,Francene,Grier.Francene@yopmail.com,wEtCub,5678768,2:00 PM
271,Courtnay,Rona,Courtnay.Rona@yopmail.com,ejWzG,5678768,2:00 PM
272,Johna,Chem,Johna.Chem@yopmail.com,POBBdu,56756,2:00 PM
273,Heddie,Edison,Heddie.Edison@yopmail.com,YEmE l,9987876,2:00 PM
274,Yvonne,Rodmann,Yvonne.Rodmann@yopmail.com,WTDEqc,5675,2:00 PM
275,Vevay,Vale,Vevay.Vale@yopmail.com,iMKmjsB,554,2:00 PM
276,Merci,Crudden,Merci.Crudden@yopmail.com,maspaQ,56787867867,2:00 PM
277,Clementine,Bivins,Clementine.Bivins@yopmail.com,ephTzDDXL,8,2:00 PM
278,Modestia,Urania,Modestia.Urania@yopmail.com,GSCgwLkzw,5675,2:00 PM
279,Blake,Tjon,Blake.Tjon@yopmail.com,NOgMtQcPmT,89,2:00 PM
280,Paule,Roarke,Paule.Roarke@yopmail.com,koppBMV,65768,2:00 PM
281,Kellen,Kiersten,Kellen.Kiersten@yopmail.com,SEyGYk,3343,2:00 PM
282,Vonny,Hartnett,Vonny.Hartnett@yopmail.com,JpQegdyZu,6759,2:00 PM
283,Winny,Podvin,Winny.Podvin@yopmail.com,zSzsaPmZZe,02:00 PM 
284,Zondra,Aurelio,Zondra.Aurelio@yopmail.com,"mQnR ",0,12:45 PM
285,Chastity,Rosemary,Chastity.Rosemary@yopmail.com,JKxdHskBSK,3,12:45 PM
286,Hermione,Gombach,Hermione.Gombach@yopmail.com,eSGmVkvh,5546,12:45 PM
287,Gratia,Lattie,Gratia.Lattie@yopmail.com,tESULk,3343,12:45 PM
288,Chloris,Wiener,Chloris.Wiener@yopmail.com,KaiXUlfVR,65768,12:45 PM
289,Carree,Cyrie,Carree.Cyrie@yopmail.com,npTMACZH,97898,12:45 PM
290,Jennica,Pip,Jennica.Pip@yopmail.com,tkpIXeFVDC,54,12:45 PM
291,Hettie,Sheng,Hettie.Sheng@yopmail.com,lwKZe,567,12:45 PM
292,Agathe,Fredi,Agathe.Fredi@yopmail.com,foVsN,56787867867,12:45 PM
293,Lacie,Naashom,Lacie.Naashom@yopmail.com," SFxiG",5675,12:45 PM
294,Julieta,Colbert,Julieta.Colbert@yopmail.com,kefZikyHp,5675,12:45 PM
295,Marti,Dominy,Marti.Dominy@yopmail.com,nBKRkLPDmK,9987876,12:45 PM
296,Chloris,Harday,Chloris.Harday@yopmail.com,Q PEOCJAX,456,12:45 PM
297,Lanna,Engdahl,Lanna.Engdahl@yopmail.com,worJxm,5678768,12:45 PM
298,Jsandye,Myrilla,Jsandye.Myrilla@yopmail.com,LPVoOC,5678,12:45 PM
299,Genovera,Fitzsimmons,Genovera.Fitzsimmons@yopmail.com,ZcLowBChW,6,12:45 PM
300,Damaris,Nance,Damaris.Nance@yopmail.com,VjKbrWJ,678,12:45 PM
301,Inga,Ball,Inga.Ball@yopmail.com,QASHuTyYaz,9,12:45 PM
302,Janenna,Haymes,Janenna.Haymes@yopmail.com,jmrrD,74,12:45 PM
303,Lucy,Raffo,Lucy.Raffo@yopmail.com,cmsGd,5,12:45 PM
304,Gaylene,Ummersen,Gaylene.Ummersen@yopmail.com,MIxOrBmaq,765,12:45 PM
305,Aimil,Ailyn,Aimil.Ailyn@yopmail.com,YWhVUWG,5546,12:45 PM
306,Arabel,Alabaster,Arabel.Alabaster@yopmail.com,zSVCzZ O,9,12:45 PM
307,Orsola,Sidonius,Orsola.Sidonius@yopmail.com,QXOjjhEVNu,2,12:45 PM
308,Jessamyn,Redmond,Jessamyn.Redmond@yopmail.com,rqsEWLvN,98769,12:45 PM
309,Leanna,Taima,Leanna.Taima@yopmail.com,f ZAmJey,678,12:45 PM
310,Jennica,Bevin,Jennica.Bevin@yopmail.com,YOdncYSNm,3343,12:45 PM
311,Ida,Corabella,Ida.Corabella@yopmail.com,SjTJnIV,2,12:45 PM
312,Alexine,Poppy,Alexine.Poppy@yopmail.com,SUscpK,7,12:45 PM
313,Wynne,Angelis,Wynne.Angelis@yopmail.com,BHTsJo,4,12:45 PM
314,Starla,Cleavland,Starla.Cleavland@yopmail.com,hRUreW,456,12:45 PM
315,Viki,Oscar,Viki.Oscar@yopmail.com,lvMBfKLJNE,46,12:45 PM
316,Amii,Fleeta,Amii.Fleeta@yopmail.com,TibzfkSLc,46,12:45 PM
317,Shirlee,Dawkins,Shirlee.Dawkins@yopmail.com,yFBQcfAGi,0,11:30 AM
318,Gerrie,Kalinda,Gerrie.Kalinda@yopmail.com,ytVJgOFxo,1,11:30 AM
319,Jaclyn,Mitzi,Jaclyn.Mitzi@yopmail.com,BLGaOzJ,9,11:30 AM
320,Lanae,Roarke,Lanae.Roarke@yopmail.com,o wttwcj,89,11:30 AM
321,Tera,Tristram,Tera.Tristram@yopmail.com,IgfGbDN,5678768,11:30 AM
322,Mureil,Milde,Mureil.Milde@yopmail.com,xIyCeXLz,76898978,11:30 AM
323,Jessy,Creamer,Jessy.Creamer@yopmail.com,xJBEkzodb,3343,11:30 AM
324,Kate,Lesley,Kate.Lesley@yopmail.com,cfaWMbKA,2,11:30 AM
325,Rebeca,Emmaline,Rebeca.Emmaline@yopmail.com,PpYAKy,87987786,11:30 AM
326,Joane,Baylor,Joane.Baylor@yopmail.com,hQfYU,765,11:30 AM
327,Brena,Colyer,Brena.Colyer@yopmail.com,Djtui,98769,11:30 AM
328,Moyna,Gavrila,Moyna.Gavrila@yopmail.com,ogtaIK,765,11:30 AM
329,Regina,Calhoun,Regina.Calhoun@yopmail.com,YphxGrDeJ,3,11:30 AM
330,Jean,Alrich,Jean.Alrich@yopmail.com,FPioEVoe,65768,11:30 AM
331,Ketti,Tiffa,Ketti.Tiffa@yopmail.com,OXqlO,2,11:30 AM
332,Albertina,Gaynor,Albertina.Gaynor@yopmail.com,FcKqp,4,11:30 AM
333,Ashlee,Decato,Ashlee.Decato@yopmail.com,Y fSpz,554,11:30 AM
334,Shandie,Mitzi,Shandie.Mitzi@yopmail.com,OJYRPOa,9,11:30 AM
335,Pamella,Tayib,Pamella.Tayib@yopmail.com,kLYXlGUS,7,11:30 AM
336,Candy,Concha,Candy.Concha@yopmail.com,QiqYy,567,11:30 AM
337,Nerta,Pacorro,Nerta.Pacorro@yopmail.com," OZbec T",5678768,11:30 AM
338,Sue,Hutchison,Sue.Hutchison@yopmail.com,FSJOwxhZ,5546,11:30 AM
339,Marinna,Concha,Marinna.Concha@yopmail.com,NdaMX,1,11:30 AM
340,Linzy,Chaing,Linzy.Chaing@yopmail.com,fLiiisvQR,554,11:30 AM
341,Alejandra,Caitlin,Alejandra.Caitlin@yopmail.com,ospsDhd,76898978,11:30 AM
342,Eve,Morrill,Eve.Morrill@yopmail.com,zLjBINWi,5,11:30 AM
343,Mamie,Kunin,Mamie.Kunin@yopmail.com,SzZd JioRj,54,11:30 AM
344,Juliane,O'Rourke,Juliane.O'Rourke@yopmail.com,KpEUsKd,567,11:30 AM
345,Dania,Haldas,Dania.Haldas@yopmail.com,IlMcbdsd,9,11:30 AM
346,Celene,Lilybelle,Celene.Lilybelle@yopmail.com,TPgQEvhUIY,76898978,11:30 AM
347,Fayre,Seligman,Fayre.Seligman@yopmail.com,WKyPgCXY,5546,11:30 AM
348,Renae,Burnside,Renae.Burnside@yopmail.com,ywkTRINzB,9,11:30 AM
349,Ana,Solitta,Ana.Solitta@yopmail.com,EEBpcawjw,87987786,11:30 AM
350,Shel,Kosey,Shel.Kosey@yopmail.com,ppzIxgXGo,46,11:30 AM
351,Stacey,Ahab,Stacey.Ahab@yopmail.com,BauNE,5,11:30 AM
352,Teriann,Narton,Teriann.Narton@yopmail.com,GvrNzRYYJ,6,11:30 AM
353,Barbi,Carbo,Barbi.Carbo@yopmail.com,ZQEOb,4,11:30 AM
354,Ericka,Tybald,Ericka.Tybald@yopmail.com,NsCYc,65768,11:30 AM
355,Helsa,Solitta,Helsa.Solitta@yopmail.com,LlSsVYJFw,98769,11:30 AM
356,Sharai,Holbrook,Sharai.Holbrook@yopmail.com,IXvrWkRj,3343,11:30 AM
357,Elmira,Mich,Elmira.Mich@yopmail.com,YsdaM,56756,11:30 AM
358,Anestassia,Mayeda,Anestassia.Mayeda@yopmail.com,RrZrKhHOAn,3343,11:30 AM
359,Demetris,Darrell,Demetris.Darrell@yopmail.com,zzfbru,6759,11:30 AM
360,Gavrielle,Lowry,Gavrielle.Lowry@yopmail.com,MFhKOrHK,6759,11:30 AM
361,Debee,Ciro,Debee.Ciro@yopmail.com,cdJnj,65768,11:30 AM
362,Mariele,Buffum,Mariele.Buffum@yopmail.com,HozoJjnFY,3343,11:30 AM
363,Jillayne,Grayce,Jillayne.Grayce@yopmail.com,hvlsF,0,11:30 AM
364,Kylynn,Hanshaw,Kylynn.Hanshaw@yopmail.com,gDYtHSsr,1123,11:30 AM
365,Tracey,Gregrory,Tracey.Gregrory@yopmail.com,lpKOqznM,0,11:30 AM
366,Cam,Pitt,Cam.Pitt@yopmail.com,Kxw CildVp,9987876,11:30 AM
367,Shirlee,Lane,Shirlee.Lane@yopmail.com,GgRjsENK,5,11:30 AM
368,Jackie,Bari,Jackie.Bari@yopmail.com,jzenojlnmc,765,11:30 AM
369,Annabela,Meter,Annabela.Meter@yopmail.com,DGHqbbC H,4,11:30 AM
370,Micheline,Barney,Micheline.Barney@yopmail.com,"IxAlHpQW ",9,11:30 AM
371,Fred,Ethban,Fred.Ethban@yopmail.com,hFcJCdFidH,4,11:30 AM
372,Joceline,Garek,Joceline.Garek@yopmail.com,IGjiCIGXMO,766558,11:30 AM
373,Helsa,Justinn,Helsa.Justinn@yopmail.com,COtM sxj,5675,11:30 AM
374,Viki,Ralfston,Viki.Ralfston@yopmail.com,bHZdyBF,554,11:30 AM
375,Clementine,Yusuk,Clementine.Yusuk@yopmail.com,GSJsilagN,4,11:30 AM
376,Sara-Ann,Maurine,Sara-Ann.Maurine@yopmail.com,hBfTT,65768,11:30 AM
377,Viki,Harned,Viki.Harned@yopmail.com,NaQcVdXeVi,65768,11:30 AM
378,Kristan,Levey,Kristan.Levey@yopmail.com,AjxRaQ,678,11:30 AM
379,Kenna,Kare,Kenna.Kare@yopmail.com,nhowhDxwKV,6,11:30 AM
380,Morganica,Jorgan,Morganica.Jorgan@yopmail.com,SYmLGppDi,456,11:30 AM
381,Fina,Winthorpe,Fina.Winthorpe@yopmail.com,KgLNdFkT,89,11:30 AM
382,Anallese,Edee,Anallese.Edee@yopmail.com,fQKiJjB,765,11:30 AM
383,Elvira,Khorma,Elvira.Khorma@yopmail.com,gbaIr,6759,11:30 AM
384,Bibby,Wareing,Bibby.Wareing@yopmail.com,pAAJad,98769,11:30 AM
385,Kate,McAdams,Kate.McAdams@yopmail.com,wGuuY,4,11:30 AM
386,Ericka,Armanda,Ericka.Armanda@yopmail.com," PidazhKG",1123,11:30 AM
387,Ursulina,Esmaria,Ursulina.Esmaria@yopmail.com,ErgYZFSs,5678768,11:30 AM
388,Genevra,Philipp,Genevra.Philipp@yopmail.com,aWH Dftbi,8,11:30 AM
389,Evaleen,Dorothy,Evaleen.Dorothy@yopmail.com,JrEwt,567,11:30 AM
390,Sidoney,Merat,Sidoney.Merat@yopmail.com,cUCPOX,567,11:30 AM
391,Concettina,Lemuela,Concettina.Lemuela@yopmail.com,yXCbZvx,9987876,11:30 AM
392,Cherrita,Sadowski,Cherrita.Sadowski@yopmail.com,yvfqMu,8,11:30 AM
393,Miquela,Calhoun,Miquela.Calhoun@yopmail.com,"NGGKoYDH ",9878,11:30 AM
394,Ariela,Harned,Ariela.Harned@yopmail.com,c MZxmlbe,5678768,11:30 AM
395,Kimberley,Seligman,Kimberley.Seligman@yopmail.com,S OEoSr,554,11:30 AM
396,Alia,Yorick,Alia.Yorick@yopmail.com,DFBNGm,5675,11:30 AM
397,Jasmina,Koziara,Jasmina.Koziara@yopmail.com,F GnFzfKV,765,11:30 AM
398,Aurelie,Rad,Aurelie.Rad@yopmail.com,RbLlDdCx,98769,11:30 AM
399,Edee,Iaverne,Edee.Iaverne@yopmail.com,IALUBS,5546,11:30 AM
400,Kerrin,Agle,Kerrin.Agle@yopmail.com,TcKLJCoWzx,76898978,11:30 AM
401,Farrah,Tatianas,Farrah.Tatianas@yopmail.com,jkRujOTuZ,87987786,11:30 AM
402,Jorry,Cosenza,Jorry.Cosenza@yopmail.com,CGkCr,46,11:30 AM
403,Tracey,Ader,Tracey.Ader@yopmail.com,CmWoMnPR,6578,11:30 AM
404,Janenna,Hilbert,Janenna.Hilbert@yopmail.com,SOVWFrI,456,11:30 AM
405,Oralee,Alarise,Oralee.Alarise@yopmail.com,jOFSvhHAgA,98769,11:30 AM
406,Kary,Vastah,Kary.Vastah@yopmail.com,cw KINx,9987876,11:30 AM
407,Collen,Angelis,Collen.Angelis@yopmail.com,GilsXanO,9,11:30 AM
408,Aigneis,Schlosser,Aigneis.Schlosser@yopmail.com,JPIao,6,11:30 AM
409,Lucy,Rhu,Lucy.Rhu@yopmail.com,vDhBi,65768,11:30 AM
410,Kimberley,Lane,Kimberley.Lane@yopmail.com,GWapw,56787867867,11:30 AM
411,Paule,Alice,Paule.Alice@yopmail.com,yYPxHZ,3,11:30 AM
412,Katuscha,Westphal,Katuscha.Westphal@yopmail.com,Dhcqt,6,11:30 AM
413,Aurore,Kauppi,Aurore.Kauppi@yopmail.com,CVyJf,6,11:30 AM
414,Darci,Dearborn,Darci.Dearborn@yopmail.com,bZoAwhgc,456,11:30 AM
415,Giustina,Odell,Giustina.Odell@yopmail.com,warNArj,711:30 AM 
416,Lilith,Voletta,Lilith.Voletta@yopmail.com,uixR wmi,5678,10:15 AM
417,Morganica,Koziara,Morganica.Koziara@yopmail.com,TPboJKLoKM,9,10:15 AM
418,Tobe,Ricki,Tobe.Ricki@yopmail.com,rdqkNzm,2,10:15 AM
419,Laurene,Rossner,Laurene.Rossner@yopmail.com,mRQPuH,9,10:15 AM
420,Kial,Lenny,Kial.Lenny@yopmail.com,vQYjH,9,10:15 AM
421,Gusty,Anastatius,Gusty.Anastatius@yopmail.com,CuwuNdcY,554,10:15 AM
422,Suzette,Goldina,Suzette.Goldina@yopmail.com,iP G YRXgt,6578,10:15 AM
423,Kirstin,Herrera,Kirstin.Herrera@yopmail.com,CJRMTDUA,54,10:15 AM
424,Lorenza,Seligman,Lorenza.Seligman@yopmail.com,hvthe,567,10:15 AM
425,Claresta,Dudley,Claresta.Dudley@yopmail.com,pLmyqKajn,3343,10:15 AM
426,Therine,Cullin,Therine.Cullin@yopmail.com,Z Nxtda,9878,10:15 AM
427,Renae,Tillford,Renae.Tillford@yopmail.com,irlZI,1,10:15 AM
428,Zaria,Kylander,Zaria.Kylander@yopmail.com,KBJXU,7,10:15 AM
429,Catharine,Belldas,Catharine.Belldas@yopmail.com,hMkLrh,8,10:15 AM
430,Trudie,Christine,Trudie.Christine@yopmail.com," XLMUQ",87987786,10:15 AM
431,Alyssa,Sawtelle,Alyssa.Sawtelle@yopmail.com,vvUwu,765,10:15 AM
432,Yvonne,Goddard,Yvonne.Goddard@yopmail.com,slMnOEhY,56787867867,10:15 AM
433,Tori,Tomasina,Tori.Tomasina@yopmail.com,SwNBeVzv,74,10:15 AM
434,Elora,Tamsky,Elora.Tamsky@yopmail.com,rKZIAQRqat,4,10:15 AM
435,Marti,Alarise,Marti.Alarise@yopmail.com,MQGQQ,3343,10:15 AM
436,Winifred,Gabrielli,Winifred.Gabrielli@yopmail.com,xgUoWGDPrI,9,10:15 AM
437,Ezmeralda,Oriana,Ezmeralda.Oriana@yopmail.com," JsOSPQs",54,10:15 AM
438,Glenda,Rubie,Glenda.Rubie@yopmail.com,uyxeLnjRM,56756,10:15 AM
439,Vevay,Connelly,Vevay.Connelly@yopmail.com,"OfZgWRtkh ",76898978,10:15 AM
440,Bernie,Artie,Bernie.Artie@yopmail.com,DUCyEbC,5678,10:15 AM
441,Selia,Agle,Selia.Agle@yopmail.com,QkDyH,0,10:15 AM
442,Lily,Martsen,Lily.Martsen@yopmail.com,ENrzjQX,1123,10:15 AM
443,Nerta,Zetta,Nerta.Zetta@yopmail.com,dRfDB,6578,10:15 AM
444,Katuscha,Cimbura,Katuscha.Cimbura@yopmail.com,brcNjlVpw,6578,10:15 AM
445,Steffane,Posner,Steffane.Posner@yopmail.com,TxWGNE,5,10:15 AM
446,Morganica,Penelopa,Morganica.Penelopa@yopmail.com," kuqAhP",5675,10:15 AM
447,Rosaline,Malanie,Rosaline.Malanie@yopmail.com,ybhMBYi,7,10:15 AM
448,Beverley,Deny,Beverley.Deny@yopmail.com,GYMpjU,6759,10:15 AM
449,Addia,Prouty,Addia.Prouty@yopmail.com,J AWzRtH,54,10:15 AM
450,Sheree,Ledah,Sheree.Ledah@yopmail.com,HxOgeZiTfL,74,10:15 AM
451,Tatiania,Cath,Tatiania.Cath@yopmail.com,iojGOsxKM,9,10:15 AM
452,Danika,Dowski,Danika.Dowski@yopmail.com," LvLCuBaa",89,10:15 AM
453,Deane,Montgomery,Deane.Montgomery@yopmail.com,HiiJY,46,10:15 AM
454,Jerry,Trey,Jerry.Trey@yopmail.com,eeirQ,0,10:15 AM
455,Claresta,Alejoa,Claresta.Alejoa@yopmail.com,CBeSQh,554,10:15 AM
456,Kary,Alfons,Kary.Alfons@yopmail.com,LAZIj,456,10:15 AM
457,Jeanna,Boycey,Jeanna.Boycey@yopmail.com,goygVnRyt,766558,10:15 AM
458,Fawne,Hilbert,Fawne.Hilbert@yopmail.com,xemquKrN,6,10:15 AM
459,Aaren,Solitta,Aaren.Solitta@yopmail.com,jpcmbYD,5678,10:15 AM
460,Wanda,Wildermuth,Wanda.Wildermuth@yopmail.com,vsJUopQb,1,10:15 AM
461,Yvonne,Norrie,Yvonne.Norrie@yopmail.com,LIQrWnw,67,10:15 AM
462,Jordan,Socha,Jordan.Socha@yopmail.com,yITBdUf,87987786,10:15 AM
463,Susan,Sperling,Susan.Sperling@yopmail.com,oaSMC,67,10:15 AM
464,Christy,Kress,Christy.Kress@yopmail.com,wKxAISuqpo,1,10:15 AM
465,Chandra,Strephon,Chandra.Strephon@yopmail.com,LcyMmxj,5,10:15 AM
466,Georgina,Terencio,Georgina.Terencio@yopmail.com,AQIYo,3,10:15 AM
467,Margette,Bates,Margette.Bates@yopmail.com,BlOOQZ,76898978,10:15 AM
468,Dari,Thar,Dari.Thar@yopmail.com,helIoRc xn,7,10:15 AM
469,Riannon,Swigart,Riannon.Swigart@yopmail.com,JXskuCYKk,1123,10:15 AM
470,Glenda,Dorothy,Glenda.Dorothy@yopmail.com,bwpZQtR,1,10:15 AM
471,Lonnie,Hamil,Lonnie.Hamil@yopmail.com,QleAxG,1,10:15 AM
472,Vanessa,Mandler,Vanessa.Mandler@yopmail.com,k JWn,567,10:15 AM
473,Elise,Diann,Elise.Diann@yopmail.com,UyKVHMAW,766558,10:15 AM
474,Georgetta,Natalia,Georgetta.Natalia@yopmail.com,jUrMkO,5675,10:15 AM
475,Marita,Gahl,Marita.Gahl@yopmail.com,EQQuTMk,9,10:15 AM
476,Netty,Danby,Netty.Danby@yopmail.com,tJAPFRAgA,5,10:15 AM
477,Merry,Dosia,Merry.Dosia@yopmail.com,QpsmygW,7,10:15 AM
478,Tressa,Ovid,Tressa.Ovid@yopmail.com,JsxvDnUg,5675,10:15 AM
479,Marti,Margarete,Marti.Margarete@yopmail.com,SqCgTlF,8,10:15 AM
480,Daphne,Seligman,Daphne.Seligman@yopmail.com,jYMdH,456,10:15 AM
481,Teriann,Regan,Teriann.Regan@yopmail.com,aiTPpXc,65768,10:15 AM
482,Ardenia,Wyn,Ardenia.Wyn@yopmail.com,TPiVH,97898,10:15 AM
483,Berta,Estella,Berta.Estella@yopmail.com,NpIkE,554,10:15 AM
484,Vivia,Bigner,Vivia.Bigner@yopmail.com,ERaqCXHLC,74,10:15 AM
485,Lyssa,Kussell,Lyssa.Kussell@yopmail.com,kWfyadmuw,3343,10:15 AM
486,Charmaine,Trey,Charmaine.Trey@yopmail.com,AqEBb,678,10:15 AM
487,Mathilda,Eben,Mathilda.Eben@yopmail.com,ZDNoF,5546,10:15 AM
488,Mildrid,Norvol,Mildrid.Norvol@yopmail.com,gwuHbpwGu,6,10:15 AM
489,Edee,Beebe,Edee.Beebe@yopmail.com,LYnvMhF,9,10:15 AM
490,Ofilia,Gerge,Ofilia.Gerge@yopmail.com,usejKjGQpF,6,10:15 AM
491,Alia,Gusella,Alia.Gusella@yopmail.com,lKyox,554,10:15 AM
492,Bill,Jerold,Bill.Jerold@yopmail.com,XuVIqf,5,10:15 AM
493,Winny,Gombach,Winny.Gombach@yopmail.com,OpgRTivJLl,9,10:15 AM
494,Dagmar,Middleton,Dagmar.Middleton@yopmail.com,ALXUZZ,2,10:15 AM
495,Daphne,Helve,Daphne.Helve@yopmail.com,SNpOZu,9,10:15 AM
496,Gwyneth,Jorgan,Gwyneth.Jorgan@yopmail.com,LayVdx,678,10:15 AM
497,Abbie,Thilda,Abbie.Thilda@yopmail.com,kiARUsM,89,10:15 AM
498,Sara-Ann,Rosalba,Sara-Ann.Rosalba@yopmail.com,rOYiJMC,56787867867,10:15 AM
499,Isa,Eldrid,Isa.Eldrid@yopmail.com,dnLKpPRRZ,5,10:15 AM
500,Candi,Alcott,Candi.Alcott@yopmail.com,hXFOAlhodR,98769,10:15 AM
